<?xml version="1.0" encoding="UTF-8" standalone="yes"?>
<addon id="repository.git.addons.generator" name="Github Addons Generator" version="1.0.0" provider-name="akuiraz">
        <extension point="xbmc.addon.repository" name="Github Addons Generator">
                <info compressed="false">https://raw.github.com/akuiraz/repository.git.addons.generator/master/addons.xml</info>
                <checksum>https://raw.github.com/akuiraz/repository.git.addons.generator/master/addons.xml.md5</checksum>
                <datadir zip="true">https://github.com/akuiraz/repository.git.addons.generator/raw/master/</datadir>
        </extension>
        <extension point="xbmc.addon.metadata">
                <summary>Install add-ons from the Github Addons Generator</summary>
                <description>Install add-ons from the Github Addons Generator</description>
                <disclaimer></disclaimer>
                <platform>all</platform>
        </extension>
</addon>
