<?xml version="1.0" encoding="UTF-8" standalone="yes"?>
<addon id="script.trakt" name="trakt" version="2.2.0" provider-name="trakt.tv">
	<requires>
		<import addon="xbmc.python" version="2.1.0"/>
		<import addon="script.module.simplejson" version="2.0.10"/>
	</requires>
	<extension point="xbmc.python.script" library="manual_sync.py">
		<provides>executable</provides>
	</extension>
	<extension point="xbmc.service" name="trakt.service" library="default.py" start="login" />
	<extension point="xbmc.addon.metadata" name="trakt.metadata">
		<language></language>
		<summary lang="en">TV and movie scrobbler for trakt.tv</summary>
		<description lang="en">Automatically scrobble all TV episodes and movies you are watching to trakt.tv! Keep a comprehensive history of everything you've watched and be part of a global community of TV and movie enthusiasts. Sign up for a free account at http://trakt.tv and get a ton of features:

- Automatically scrobble what you're watching
- Mobile apps for iPhone, iPad, Android, and Windows Phone
- Follow your friends and people you're interesed in
- Share what you're watching (in real time) and rating to facebook, twitter, and tumblr
- Use watchlists so you don't forget to what to watch
- Track your media collections and impress your friends
- Create custom lists around any topics you choose
- Easily track your TV show progress across all seasons and episodes
- Track your progress against industry lists such as the IMDb Top 250
- Discover new shows and movies based on your viewing habits

What can this addon do?

- Automatically scrobble all TV episodes and movies you are watching 
- Sync your TV episode and movie collections to trakt
- Auto clean your trakt collection so that it matches up with XBMC
- Keep watched statuses synced between XBMC and trakt
- Rate movies and episode after watching them

Special thanks to all who contributed to this plugin! Check the commit history and changelog to see these talented developers.</description>
		<platform>all</platform>
		<website>http://trakt.tv</website>
		<source>https://github.com/rectifyer/script.trakt</source>
		<forum>http://forum.xbmc.org/showthread.php?tid=138745</forum>
		<email></email>    
	</extension>
</addon>
