<?xml version="1.0" encoding="UTF-8"?>
<addon
  id="webinterface.XBMControl Web"
  version="1.1.0"
  name="XBMControl"
  provider-name="Kabooga">
  <requires>
    <import addon="xbmc.gui" version="4.0.0"/>
    <import addon="xbmc.json" version="6.0.0"/>
  </requires>
  <extension
    point="xbmc.gui.webinterface"/>
  <extension point="xbmc.addon.metadata">
    <summary>XBMControl Web - Use your web browser to control XBMC</summary>
    <description>You can use this webinterface to control the Audio/Video-Section of XBMC: play/pause/stop/skip, show artists/albums/movies/tv shows and play them or add them to the playlist.</description>
    <platform>all</platform>
  </extension>
</addon>