<?xml version="1.0" encoding="UTF-8" standalone="yes"?>
<addon id="script.similartracks" name="Similar Tracks" version="1.1.2" provider-name="brianhornsby">
	<requires>
		<import addon="xbmc.python" version="2.0"/>
		<import addon="script.module.beautifulsoup" version="3.0.8"/>
		<import addon="script.module.simplejson" version="2.0.10"/>
	</requires>
	<extension point="xbmc.python.script" library="default.py"/>
	<extension point="xbmc.addon.metadata">
	<summary lang="en">Creates a playlist based on tracks from your music library that are similar to the currently playing track.</summary>
	<description lang="en">Creates a playlist based on tracks from your music library that are similar to the currently playing track. Uses the last.fm track.getSimilar api.</description>
	<platform>all</platform>
  </extension>
</addon>
