<?xml version="1.0" encoding="UTF-8" standalone="yes"?>
<addon id="metadata.synopsi.tv"
       name="SynopsiTV"
       version="1.0.7"
       provider-name="Synopsi.TV">
	<requires>
		<import addon="xbmc.addon" version="12.0.0" />
		<import addon="xbmc.metadata" version="2.1.0" />		
	</requires>
	
	<extension point="xbmc.metadata.scraper.movies" library="scraper.xml"/>
	<extension point="xbmc.metadata.scraper.tvshows" library="scraper.xml"/>	

<!-- 	<extension point="xbmc.service" library="service.py" start="login">
		<provides>service</provides>
	</extension> -->
	<extension point="xbmc.addon.metadata">
		<platform>all</platform>
		<summary>SynopsiTV</summary>
		<description>SynopsiTV helps you discover movies and shows by generating personalized recommendations based on your unique and evolving viewing style. [CR][CR]To log in, sign up at www.synopsi.tv. [CR][CR]Report bugs at https://github.com/Synopsi/XBMC/issues</description>
		<language></language>
	</extension>
</addon>
