﻿<?xml version="1.0" encoding="UTF-8" standalone="yes"?>
<addon id="script.grab.fanart"
    name="Grab Fanart" version="0.0.7" provider-name="robweber">
  <requires>
    <import addon="xbmc.python" version="2.0"/>
  </requires>
  <extension point="xbmc.python.script" library="default.py"> 
     <provides>executable</provides> 
  </extension> 
  <extension point="xbmc.addon.metadata">
    <summary lang="en">Grabs fanart to a common directory for slideshows, etc</summary>
    <description lang="en">Uses the XBMC database to grab all fanart from external sources and put it into a common directory for use by skins/slideshows as previous version of XBMC allowed.</description>
    <platform>all</platform>
    <language></language>
  </extension>
</addon>
