<?xml version="1.0" encoding="UTF-8"?>
<addon id="plugin.program.webbrowser" name="WebBrowser" version="1.0.1" provider-name="AddonScriptorDE">
    <extension point="xbmc.python.pluginsource" library="default.py">
        <provides>executable</provides>
    </extension>
    <extension point="xbmc.addon.metadata">
        <platform>all</platform>
        <summary lang="en">A simple WebBrowser</summary>
        <summary lang="de">Ein einfacher WebBrowser</summary>
        <language></language>
        <description lang="en">A simple WebBrowser</description>
        <description lang="de">Ein einfacher WebBrowser</description>
        <website></website>
        <source>https://github.com/AddonScriptorDE/plugin.program.webbrowser</source>
        <forum>http://forum.xbmc.org/showthread.php?tid=</forum>
        <email>AddonScriptorDE at yahoo dot de</email>
    </extension>
</addon>
