<window id="2003">
	<defaultcontrol always="true">9000</defaultcontrol>
	<!-- <allowoverlay>no</allowoverlay>-->
	<controls>
		<control type="group">
			<!-- <visible>!Window.IsVisible(FileBrowser)</visible>-->
			<animation easing="out" effect="slide" end="0,0" start="1100,0" time="400" tween="quadratic">WindowOpen</animation>
			<animation easing="out" effect="slide" end="1100,0" start="0,0" time="400" tween="quadratic">WindowClose</animation>
			<control type="image">
				<posx>180</posx>
				<posy>0</posy>
				<width>1100</width>
				<height>720</height>
				<texture border="15,0,0,0" flipx="true">MediaBladeSub.png</texture>
			</control>
			<control type="button">
				<description>Close Window button</description>
				<posx>230</posx>
				<posy>0</posy>
				<width>64</width>
				<height>32</height>
				<label>-</label>
				<font>-</font>
				<onclick>PreviousMenu</onclick>
				<texturefocus>DialogCloseButton-focus.png</texturefocus>
				<texturenofocus>DialogCloseButton.png</texturenofocus>
				<onleft>9000</onleft>
				<onright>9000</onright>
				<onup>9000</onup>
				<ondown>9000</ondown>
				<visible>system.getbool(input.enablemouse)</visible>
			</control>
			<control type="group">
				<!-- <animation delay="400" effect="fade" end="100" start="0" time="200">WindowOpen</animation>-->
				<animation effect="fade" end="100" start="0" time="1000">WindowOpen</animation>
				<animation effect="fade" end="0" start="100" time="200">WindowClose</animation>
				<control type="label">
					<description>header label</description>
					<posx>210</posx>
					<posy>10</posy>
					<width>1030</width>
					<height>30</height>
					<font>font24_title</font>
					<label>$INFO[Window.Property(Movie.Title)]</label>
					<align>center</align>
					<aligny>center</aligny>
					<textcolor>white</textcolor>
					<shadowcolor>black</shadowcolor>
				</control>
				<control id="101" type="label">
					<description>file label</description>
					<posx>510</posx>
					<posy>50</posy>
					<width>700</width>
					<height>30</height>
					<font>font24</font>
					<label>$INFO[Window.Property(Movie.FileInfo)]</label>
					<align>left</align>
					<aligny>center</aligny>
					<textcolor>gray</textcolor>
					<shadowcolor>black</shadowcolor>
					<visible>Control.HasFocus(13)</visible>
					<scroll>Control.HasFocus(13)</scroll>
				</control>
				<control type="group">
					<posy>90</posy>
					<posx>210</posx>
					<include>VisibleFadeEffect</include>
					<control type="image">
						<posx>0</posx>
						<posy>0</posy>
						<width>270</width>
						<height>380</height>
						<aspectratio>stretch</aspectratio>
						<bordertexture border="5">button-nofocus.png</bordertexture>
						<bordersize>4</bordersize>
						<!-- <texture background="true">$INFO[Window.Property(Icon)]</texture>-->
						<texture background="true">$INFO[Window.Property(Movie.Cover)]</texture>
					</control>
					<control type="image">
						<posx>4</posx>
						<posy>4</posy>
						<width>200</width>
						<height>230</height>
						<aspectratio>stretch</aspectratio>
						<texture>GlassOverlay.png</texture>
						<colordiffuse>AAFFFFFF</colordiffuse>
					</control>
					<control id="49" type="list">
						<posx>290</posx>
						<posy>20</posy>
						<width>740</width>
						<height>130</height>
						<onleft>49</onleft>
						<onright>49</onright>
						<onup>49</onup>
						<ondown>61</ondown>
						<pagecontrol>-</pagecontrol>
						<scrolltime>200</scrolltime>
						<itemlayout height="30">
							<control type="label">
								<posx>165</posx>
								<posy>0</posy>
								<width>160</width>
								<height>30</height>
								<font>font13</font>
								<align>right</align>
								<aligny>center</aligny>
								<textcolor>blue</textcolor>
								<selectedcolor>selected</selectedcolor>
								<info>ListItem.Label</info>
							</control>
							<control type="label">
								<posx>175</posx>
								<posy>0</posy>
								<width>565</width>
								<height>30</height>
								<font>font13</font>
								<align>left</align>
								<aligny>center</aligny>
								<textcolor>white</textcolor>
								<selectedcolor>white</selectedcolor>
								<info>ListItem.Label2</info>
							</control>
							<visible>!Control.HasFocus(49)</visible>
						</itemlayout>
						<focusedlayout height="30">
							<control type="image">
								<posx>0</posx>
								<posy>0</posy>
								<width>740</width>
								<height>30</height>
								<visible>Control.HasFocus(49)</visible>
								<texture>MenuItemFO.png</texture>
								<include>VisibleFadeEffect</include>
							</control>
							<control type="label">
								<posx>165</posx>
								<posy>0</posy>
								<width>160</width>
								<height>30</height>
								<font>font13</font>
								<align>right</align>
								<aligny>center</aligny>
								<textcolor>blue</textcolor>
								<selectedcolor>selected</selectedcolor>
								<info>ListItem.Label</info>
							</control>
							<control type="label">
								<posx>175</posx>
								<posy>0</posy>
								<width>565</width>
								<height>30</height>
								<font>font13</font>
								<align>left</align>
								<aligny>center</aligny>
								<textcolor>white</textcolor>
								<selectedcolor>white</selectedcolor>
								<info>ListItem.Label2</info>
							</control>
						</focusedlayout>
						<content>
							<item>
								<label>$INFO[Window.Property(Movie.Label.1.1)]</label>
								<label2>$INFO[Window.Property(Movie.Label.1.2)]</label2>
								<onclick>-</onclick>
							</item>
							<item>
								<label>$INFO[Window.Property(Movie.Label.2.1)]</label>
								<label2>$INFO[Window.Property(Movie.Label.2.2)]</label2>
								<onclick>-</onclick>
							</item>
							<item>
								<label>$INFO[Window.Property(Movie.Label.3.1)]</label>
								<label2>$INFO[Window.Property(Movie.Label.3.2)]</label2>
								<onclick>-</onclick>
							</item>
							<item>
								<label>$INFO[Window.Property(Movie.Label.4.1)]</label>
								<label2>$INFO[Window.Property(Movie.Label.4.2)]</label2>
								<onclick>-</onclick>
							</item>
						</content>
					</control>

					<control id="400" type="textbox">
						<description>Plot</description>
						<posx>305</posx>
						<posy>150</posy>
						<width>720</width>
						<height>138</height>
						<font>font12</font>
						<align>justify</align>
						<textcolor>white</textcolor>
						<pagecontrol>61</pagecontrol>
						<backgroundcolor>0x8800ff00</backgroundcolor>
						<!-- <label>$INFO[ListItem.Plot]</label>-->
						<label>$INFO[Window.Property(Movie.Plot)]</label>
						<!-- <autoscroll delay="4000" repeat="5000" time="3000">!Control.HasFocus(61) + Skin.HasSetting(AutoScroll)</autoscroll>-->
						<!-- <visible>!Control.IsVisible(50)</visible>-->
					</control>
					<control type="label">
						<posx>120r</posx>
						<posy>305</posy>
						<width>400</width>
						<height>30</height>
						<font>font13_title</font>
						<textcolor>grey2</textcolor>
						<shadowcolor>black</shadowcolor>
						<scroll>true</scroll>
						<align>right</align>
						<aligny>center</aligny>
						<label>$INFO[Container(400).CurrentPage, ( $LOCALIZE[31024] ]$INFO[Container(400).NumPages,/, )]</label>
						<!-- <visible>Control.IsVisible(400)</visible>-->
					</control>
					<!-- <control type="label"><posx>130r</posx><posy>480</posy><width>400</width><height>30</height><font>font13_title</font><textcolor>grey2</textcolor><shadowcolor>black</shadowcolor><scroll>true</scroll><align>right</align><aligny>center</aligny><label>[COLOR=blue]$LOCALIZE[206][/COLOR]$INFO[Container(50).CurrentPage, ( $LOCALIZE[31024] ]$INFO[Container(50).NumPages,/, )]</label><visible>Control.IsVisible(50)</visible></control>-->
					<control id="61" type="spincontrol">
						<description>Next page button</description>
						<posx>105r</posx>
						<posy>310</posy>
						<subtype>page</subtype>
						<font>-</font>
						<onleft>61</onleft>
						<onright>61</onright>
						<onup>49</onup>
						<ondown>9000</ondown>
						<textcolor>-</textcolor>
						<showonepage>true</showonepage>
					</control>

					<control type="label" id="559">
						<posx>0</posx>
						<posy>385</posy>
						<width>160</width>
						<height>30</height>
						<label>$INFO[Window.Property(BottomListingLabel)]</label>
						<font>font13</font>
						<align>left</align>
						<aligny>center</aligny>
						<textcolor>blue</textcolor>
						<selectedcolor>white</selectedcolor>
					</control>

<!--
					<control type="image">
						<description>Overlay</description>
						<posx>150</posx>
						<posy>150</posy>
						<width>175</width>
						<height>180</height>
						<bordersize>5</bordersize>
						<texture>CalibratePixelRatio.png</texture>
					</control>
-->

<!--
					<control type="image">
						<description>debug image</description>
						<posx>0</posx>
						<posy>415</posy>
						<width>1080</width>
						<height>200</height>
						<aspectratio>stretch</aspectratio>
						<texture>debug.png</texture>
					</control>
-->

					<control id="59" type="list">
						<description>Similar movie list</description>
						<posx>0</posx>
						<posy>415</posy>
						<width>1080</width>
						<height>200</height>
						<onleft>59</onleft>
						<onright>59</onright>
						<onup>9000</onup>
						<ondown>59</ondown>
						<scrolltime>200</scrolltime>
						<orientation>horizontal</orientation>
						<viewtype label="535">list</viewtype>
						<pagecontrol>-</pagecontrol>
						<scrolltime>0</scrolltime>
						<orientation>Horizontal</orientation>
						<itemlayout height="200" width="175">
							<control type="image">
								<posx>0</posx>
								<posy>0</posy>
								<width>175</width>
								<height>180</height>
								<info>ListItem.Icon</info>
								<bordersize>5</bordersize>
								<texture background="true">$INFO[ListItem.Icon]</texture>
							</control>
							<control type="image">
								<description>Overlay</description>
								<posx>0</posx>
								<posy>0</posy>
								<width>175</width>
								<height>180</height>
								<bordersize>5</bordersize>
								<texture>$INFO[ListItem.Property(Overlay)]</texture>
							</control>
							<control type="label">
								<posx>90</posx>
								<posy>180</posy>
								<width>165</width>
								<height>20</height>
								<info>ListItem.Label</info>
								<font>font13</font>
								<align>center</align>
								<aligny>center</aligny>
								<textcolor>white</textcolor>
								<selectedcolor>white</selectedcolor>
							</control>
						</itemlayout>
						<focusedlayout height="200" width="175">
							<control type="image">
								<posx>0</posx>
								<posy>0</posy>
								<width>175</width>
								<height>180</height>
								<visible>!Control.HasFocus(59)</visible>
								<bordersize>5</bordersize>
								<!-- <info>https://s3.amazonaws.com/titles.synopsi.tv/00103915-267.jpg</info>-->
								<info>ListItem.Icon</info>
								<texture background="true">$INFO[ListItem.Icon]</texture>
							</control>
							
							<control type="image">
								<posx>0</posx>
								<posy>0</posy>
								<width>175</width>
								<height>180</height>
								<visible>Control.HasFocus(59)</visible>
								<bordersize>5</bordersize>
								<bordertexture border="5">folder-focus.png</bordertexture>
								<!-- <info>https://s3.amazonaws.com/titles.synopsi.tv/00103915-267.jpg</info>-->
								<info>ListItem.Icon</info>
								<texture background="true">$INFO[ListItem.Icon]</texture>
							</control>

							<control type="image">
								<description>Overlay</description>
								<posx>0</posx>
								<posy>0</posy>
								<width>175</width>
								<height>180</height>
								<bordersize>5</bordersize>
								<texture>$INFO[ListItem.Property(Overlay)]</texture>
							</control>

							<control type="label">
								<posx>90</posx>
								<posy>180</posy>
								<width>165</width>
								<height>20</height>
								<info>ListItem.Label</info>
								<font>font13</font>
								<align>center</align>
								<aligny>center</aligny>
								<textcolor>white</textcolor>
								<selectedcolor>white</selectedcolor>
							</control>
						</focusedlayout>
					</control>
					<control id="9000" type="grouplist">
						<posx>300</posx>
						<posy>340</posy>
						<width>740</width>
						<height>40</height>
						<itemgap>2</itemgap>
						<!-- <align>center</align>-->
						<align>left</align>
						<orientation>horizontal</orientation>
						<onleft>9000</onleft>
						<onright>9000</onright>
						<onup>61</onup>
						<ondown>59</ondown>
	<!-- 					<control id="6" type="button">
							<include>ButtonInfoDialogsCommonValues</include>
							<label>Add to list</label>
						</control> -->
						<control id="5" type="button">
							<include>ButtonInfoDialogsCommonValues</include>
							<label>Play</label>
							<onclick>PlayMedia($ESCINFO[Window.Property(Movie.File)])</onclick>
							<enable>false</enable>
						</control>
						<control id="10" type="button">
							<include>ButtonInfoDialogsCommonValues</include>
							<label>Trailer</label>
							<onclick>PlayMedia(plugin://plugin.video.youtube/?action=play_video&amp;videoid=$INFO[Window.Property(Movie.Trailer.Id)])</onclick>
						</control>
						<control id="11" type="button">
							<include>ButtonInfoDialogsCommonValues</include>
							<label>Watched</label>
						</control>
						<control id="13" type="button">
							<include>ButtonInfoDialogsCommonValues</include>
							<label>Edit</label>
							<enable>false</enable>
						</control>
					</control>
				</control>
			</control>
		</control>
		<include>Clock</include>
	</controls>
</window>
